,mean,sigma
eta_Wind,0.17503659482274872,0.16156356481317038
eta_Solar,0.18369046202983477,0.1568857339879807
Wind Speed [m/s],6.904232346198119,2.990986330579756
Global Tilted Irradiance [W/m2],135.57865847277847,233.603616913492
